{
    "run_id": 3,
    "seed_used": 654571,
    "best_fitness": 0.8275948055074329,
    "best_accuracy": 0.8275948055074329,
    "features_selected": 263,
    "selected_mask": [
        1,
        1,
        1,
        1,
        0,
        1,
        1,
        0,
        0,
        1,
        0,
        1,
        1,
        1,
        1,
        1,
        1,
        1,
        1,
        0,
        0,
        0,
        0,
        1,
        1,
        0,
        0,
        0,
        1,
        0,
        0,
        1,
        1,
        1,
        1,
        1,
        0,
        0,
        1,
        0,
        1,
        0,
        0,
        1,
        0,
        1,
        1,
        1,
        1,
        0,
        0,
        1,
        1,
        0,
        0,
        1,
        1,
        1,
        1,
        0,
        0,
        0,
        1,
        1,
        1,
        0,
        0,
        0,
        0,
        1,
        0,
        0,
        1,
        1,
        0,
        0,
        1,
        1,
        0,
        0,
        1,
        0,
        0,
        0,
        1,
        1,
        0,
        1,
        0,
        1,
        0,
        1,
        0,
        1,
        0,
        0,
        0,
        1,
        0,
        0,
        0,
        1,
        1,
        0,
        1,
        0,
        1,
        0,
        1,
        0,
        0,
        1,
        1,
        0,
        1,
        1,
        1,
        1,
        0,
        0,
        1,
        1,
        0,
        0,
        0,
        1,
        1,
        1,
        0,
        0,
        1,
        0,
        0,
        1,
        1,
        0,
        0,
        1,
        1,
        0,
        0,
        0,
        0,
        0,
        1,
        0,
        0,
        1,
        0,
        1,
        1,
        1,
        0,
        1,
        1,
        1,
        1,
        1,
        0,
        0,
        1,
        0,
        0,
        1,
        1,
        0,
        0,
        1,
        0,
        1,
        0,
        0,
        0,
        1,
        1,
        0,
        1,
        1,
        0,
        0,
        0,
        0,
        0,
        1,
        1,
        0,
        0,
        0,
        0,
        0,
        1,
        0,
        1,
        1,
        1,
        0,
        1,
        1,
        1,
        1,
        0,
        1,
        1,
        0,
        1,
        1,
        1,
        0,
        1,
        0,
        1,
        1,
        0,
        1,
        0,
        1,
        1,
        0,
        0,
        1,
        0,
        1,
        1,
        1,
        1,
        1,
        0,
        0,
        1,
        1,
        1,
        0,
        0,
        0,
        0,
        1,
        1,
        1,
        1,
        0,
        0,
        1,
        0,
        0,
        1,
        1,
        1,
        1,
        1,
        1,
        1,
        1,
        1,
        1,
        0,
        0,
        1,
        1,
        0,
        1,
        0,
        1,
        0,
        0,
        0,
        0,
        0,
        1,
        1,
        1,
        0,
        0,
        0,
        0,
        1,
        0,
        1,
        1,
        1,
        1,
        0,
        1,
        1,
        0,
        0,
        1,
        0,
        1,
        1,
        0,
        0,
        1,
        0,
        1,
        1,
        1,
        0,
        1,
        1,
        0,
        1,
        1,
        0,
        1,
        1,
        0,
        1,
        0,
        1,
        1,
        0,
        0,
        0,
        0,
        0,
        1,
        1,
        0,
        1,
        0,
        1,
        0,
        0,
        0,
        1,
        1,
        0,
        1,
        1,
        1,
        1,
        1,
        0,
        1,
        1,
        0,
        1,
        1,
        1,
        0,
        1,
        1,
        1,
        1,
        0,
        1,
        0,
        1,
        1,
        0,
        0,
        0,
        1,
        0,
        0,
        1,
        0,
        1,
        0,
        1,
        0,
        0,
        1,
        1,
        1,
        0,
        0,
        1,
        0,
        1,
        0,
        1,
        0,
        0,
        1,
        0,
        0,
        1,
        0,
        1,
        1,
        0,
        0,
        0,
        0,
        1,
        1,
        0,
        0,
        0,
        0,
        0,
        1,
        1,
        0,
        0,
        0,
        0,
        1,
        0,
        1,
        0,
        1,
        1,
        0,
        0,
        0,
        1,
        0,
        1,
        1,
        0,
        1,
        1,
        1,
        0,
        1,
        0,
        1,
        0,
        1,
        1,
        1,
        0,
        0,
        0,
        0,
        0,
        0,
        1,
        1,
        0,
        1,
        1,
        1,
        1,
        0,
        0,
        1,
        1,
        1,
        0,
        0,
        0,
        0,
        1,
        0,
        1,
        1,
        0,
        0,
        1,
        0,
        0,
        0,
        0,
        1,
        0,
        1,
        1,
        0,
        1,
        0,
        0,
        1,
        0,
        0,
        1,
        1,
        1,
        0,
        0,
        0,
        1,
        0,
        1,
        0,
        0,
        1,
        0,
        0,
        1,
        1,
        1,
        1,
        0,
        0,
        0,
        1,
        1,
        0,
        0,
        1,
        0,
        0,
        0,
        0,
        0,
        1,
        0,
        1,
        0,
        0,
        1,
        1,
        0,
        1,
        1,
        1,
        0,
        1,
        1
    ],